{"stats":{"minecraft:broken":{"minecraft:stone_axe":1,"minecraft:wooden_axe":1},"minecraft:mined":{"minecraft:spruce_planks":20,"minecraft:allium":1,"minecraft:grass_block":13,"minecraft:birch_slab":2,"minecraft:spruce_leaves":36,"minecraft:large_fern":1,"minecraft:hay_block":59,"minecraft:carrots":2,"minecraft:fire":1,"minecraft:pumpkin":20,"minecraft:bell":1,"minecraft:potatoes":1,"minecraft:stone":36,"minecraft:spruce_slab":3,"minecraft:brown_mushroom":10,"minecraft:dandelion":6,"minecraft:crafting_table":3,"minecraft:torch":1,"minecraft:short_grass":17,"minecraft:tall_grass":1,"minecraft:grindstone":1,"minecraft:oak_planks":4,"minecraft:sugar_cane":7,"minecraft:purple_bed":3,"minecraft:coarse_dirt":1,"minecraft:wheat":9,"minecraft:sweet_berry_bush":45,"minecraft:spruce_log":194,"minecraft:oak_log":67,"minecraft:beetroots":1,"minecraft:sand":2,"minecraft:dirt":14,"minecraft:red_mushroom_block":1,"minecraft:oak_leaves":10,"minecraft:fern":2},"minecraft:killed_by":{"minecraft:skeleton":5,"minecraft:zombie":1},"minecraft:custom":{"minecraft:mob_kills":43,"minecraft:interact_with_crafting_table":28,"minecraft:leave_game":6,"minecraft:time_since_death":3972,"minecraft:climb_one_cm":1335,"minecraft:sprint_one_cm":584348,"minecraft:walk_one_cm":366086,"minecraft:drop":83,"minecraft:talked_to_villager":8,"minecraft:play_time":131668,"minecraft:deaths":8,"minecraft:sneak_time":2727,"minecraft:walk_under_water_one_cm":20680,"minecraft:jump":2722,"minecraft:interact_with_blast_furnace":1,"minecraft:walk_on_water_one_cm":31972,"minecraft:total_world_time":131668,"minecraft:interact_with_furnace":14,"minecraft:sleep_in_bed":5,"minecraft:time_since_rest":1648,"minecraft:damage_taken":3694,"minecraft:damage_dealt":4840,"minecraft:swim_one_cm":166767,"minecraft:fly_one_cm":453588,"minecraft:open_chest":35,"minecraft:crouch_one_cm":6311,"minecraft:fall_one_cm":60067,"minecraft:horse_one_cm":2568},"minecraft:used":{"minecraft:stone_sword":130,"minecraft:spruce_slab":47,"minecraft:ladder":3,"minecraft:spruce_planks":53,"minecraft:chest":1,"minecraft:stone_hoe":1,"minecraft:cooked_chicken":2,"minecraft:rotten_flesh":4,"minecraft:torch":1,"minecraft:dirt":13,"minecraft:allium":1,"minecraft:wooden_axe":54,"minecraft:sweet_berries":79,"minecraft:oak_sapling":2,"minecraft:furnace":2,"minecraft:egg":2,"minecraft:potato":10,"minecraft:wheat_seeds":9,"minecraft:spruce_door":1,"minecraft:stone_pickaxe":31,"minecraft:oak_planks":4,"minecraft:wooden_pickaxe":12,"minecraft:sand":3,"minecraft:crafting_table":7,"minecraft:pumpkin_seeds":1,"minecraft:spruce_log":21,"minecraft:oak_log":1,"minecraft:birch_slab":40,"minecraft:bread":23,"minecraft:spruce_sapling":2,"minecraft:stone_axe":266,"minecraft:purple_bed":2,"minecraft:cooked_porkchop":1,"minecraft:glass_pane":3,"minecraft:pumpkin_pie":2,"minecraft:coarse_dirt":1,"minecraft:dandelion":5},"minecraft:dropped":{"minecraft:wheat_seeds":2,"minecraft:crafting_table":1,"minecraft:cooked_porkchop":1,"minecraft:sweet_berries":71,"minecraft:sugar_cane":3,"minecraft:birch_sapling":2,"minecraft:rotten_flesh":4,"minecraft:wooden_pickaxe":3},"minecraft:crafted":{"minecraft:oak_planks":52,"minecraft:cooked_chicken":2,"minecraft:birch_slab":42,"minecraft:furnace":2,"minecraft:glass_pane":16,"minecraft:glass":6,"minecraft:ladder":3,"minecraft:spruce_slab":48,"minecraft:stone_pickaxe":2,"minecraft:chest":1,"minecraft:stone_hoe":1,"minecraft:wheat":63,"minecraft:cooked_porkchop":2,"minecraft:crafting_table":6,"minecraft:spruce_planks":132,"minecraft:wooden_pickaxe":2,"minecraft:spruce_door":3,"minecraft:stone_axe":3,"minecraft:bread":21,"minecraft:air":0,"minecraft:stick":60,"minecraft:wooden_axe":1,"minecraft:stone_sword":3},"minecraft:picked_up":{"minecraft:charcoal":3,"minecraft:crafting_table":5,"minecraft:coarse_dirt":1,"minecraft:wheat":1,"minecraft:allium":3,"minecraft:chicken":18,"minecraft:brown_mushroom":9,"minecraft:wooden_pickaxe":3,"minecraft:golden_shovel":1,"minecraft:iron_axe":1,"minecraft:flint_and_steel":1,"minecraft:glass_pane":26,"minecraft:cobbled_deepslate":3,"minecraft:bucket":1,"minecraft:spruce_planks":96,"minecraft:beef":18,"minecraft:light_gray_wool":1,"minecraft:spruce_slab":7,"minecraft:sugar_cane":22,"minecraft:birch_sapling":4,"minecraft:iron_boots":1,"minecraft:egg":3,"minecraft:stick":80,"minecraft:torch":1,"minecraft:porkchop":5,"minecraft:carrot":4,"minecraft:redstone":4,"minecraft:golden_chestplate":1,"minecraft:stone_sword":1,"minecraft:arrow":9,"minecraft:rotten_flesh":16,"minecraft:beetroot_seeds":2,"minecraft:shears":1,"minecraft:hay_block":111,"minecraft:obsidian":3,"minecraft:mutton":23,"minecraft:cod":2,"minecraft:cobblestone":152,"minecraft:white_wool":11,"minecraft:birch_log":4,"minecraft:feather":22,"minecraft:birch_slab":10,"minecraft:andesite":1,"minecraft:leather":12,"minecraft:potato":2,"minecraft:flint":3,"minecraft:oak_log":163,"minecraft:gunpowder":3,"minecraft:dirt":40,"minecraft:leather_boots":1,"minecraft:bone":10,"minecraft:apple":1,"minecraft:bow":2,"minecraft:wheat_seeds":19,"minecraft:raw_gold":11,"minecraft:bell":1,"minecraft:rabbit_hide":1,"minecraft:iron_ingot":2,"minecraft:grindstone":1,"minecraft:stone_pickaxe":1,"minecraft:stone_hoe":2,"minecraft:iron_sword":1,"minecraft:oak_planks":63,"minecraft:pumpkin":43,"minecraft:sweet_berries":240,"minecraft:dandelion":5,"minecraft:sand":11,"minecraft:spruce_sapling":4,"minecraft:spruce_log":240,"minecraft:spider_eye":3,"minecraft:spruce_door":2,"minecraft:diamond_shovel":1,"minecraft:pumpkin_seeds":2,"minecraft:purple_bed":4,"minecraft:stone_axe":2,"minecraft:iron_helmet":1,"minecraft:bread":14,"minecraft:oak_sapling":20,"minecraft:diamond_pickaxe":1},"minecraft:killed":{"minecraft:spider":1,"minecraft:chicken":9,"minecraft:drowned":1,"minecraft:pig":3,"minecraft:zombie_villager":1,"minecraft:sheep":9,"minecraft:zombie":8,"minecraft:cow":11}},"DataVersion":3953}