{"stats":{"minecraft:broken":{"minecraft:wooden_pickaxe":2,"minecraft:shield":1,"minecraft:wooden_axe":1},"minecraft:mined":{"minecraft:dark_oak_log":1,"minecraft:sea_lantern":1,"minecraft:glow_lichen":2,"minecraft:granite":3,"minecraft:grass_block":9,"minecraft:sandstone":58,"minecraft:large_fern":5,"minecraft:magma_block":8,"minecraft:redstone_ore":9,"minecraft:iron_ore":2,"minecraft:andesite":7,"minecraft:pumpkin":5,"minecraft:deepslate_lapis_ore":3,"minecraft:peony":11,"minecraft:deepslate_iron_ore":10,"minecraft:stone":105,"minecraft:deepslate_redstone_ore":7,"minecraft:brown_mushroom":5,"minecraft:lily_of_the_valley":8,"minecraft:crafting_table":1,"minecraft:short_grass":18,"minecraft:mushroom_stem":5,"minecraft:tall_grass":6,"minecraft:copper_ore":37,"minecraft:lapis_ore":6,"minecraft:deepslate_gold_ore":2,"minecraft:sugar_cane":5,"minecraft:diorite":49,"minecraft:big_dripleaf":1,"minecraft:birch_log":44,"minecraft:sweet_berry_bush":1,"minecraft:spruce_log":20,"minecraft:birch_leaves":11,"minecraft:bee_nest":1,"minecraft:coal_ore":18,"minecraft:oak_log":4,"minecraft:sand":44,"minecraft:dirt":3,"minecraft:red_mushroom_block":7,"minecraft:netherrack":5,"minecraft:gold_ore":1,"minecraft:oak_leaves":20,"minecraft:deepslate":6,"minecraft:fern":1},"minecraft:killed_by":{"minecraft:player":1,"minecraft:creeper":1,"minecraft:spider":1,"minecraft:enderman":2,"minecraft:skeleton":6,"minecraft:zombie":4},"minecraft:used":{"minecraft:shield":51,"minecraft:iron_sword":84,"minecraft:wooden_shovel":43,"minecraft:cooked_chicken":2,"minecraft:rotten_flesh":11,"minecraft:mutton":1,"minecraft:lily_of_the_valley":5,"minecraft:allium":2,"minecraft:wooden_axe":49,"minecraft:birch_sapling":2,"minecraft:bow":2,"minecraft:sweet_berries":3,"minecraft:oak_sapling":22,"minecraft:cooked_mutton":7,"minecraft:diorite":1,"minecraft:stone_pickaxe":9,"minecraft:wooden_pickaxe":202,"minecraft:sugar_cane":1,"minecraft:sand":7,"minecraft:crafting_table":2,"minecraft:white_bed":1,"minecraft:diamond_pickaxe":39,"minecraft:apple":3,"minecraft:iron_pickaxe":114,"minecraft:stone_axe":43,"minecraft:cobblestone":52,"minecraft:cooked_porkchop":1,"minecraft:porkchop":1},"minecraft:custom":{"minecraft:mob_kills":32,"minecraft:interact_with_crafting_table":13,"minecraft:leave_game":2,"minecraft:time_since_death":4177,"minecraft:climb_one_cm":198,"minecraft:sprint_one_cm":610352,"minecraft:walk_one_cm":835693,"minecraft:damage_blocked_by_shield":2584,"minecraft:drop":11,"minecraft:play_time":180028,"minecraft:deaths":17,"minecraft:sneak_time":2603,"minecraft:walk_under_water_one_cm":28720,"minecraft:boat_one_cm":350264,"minecraft:jump":2586,"minecraft:interact_with_blast_furnace":3,"minecraft:walk_on_water_one_cm":68536,"minecraft:total_world_time":180028,"minecraft:interact_with_furnace":27,"minecraft:sleep_in_bed":1,"minecraft:time_since_rest":4205,"minecraft:damage_taken":5717,"minecraft:damage_dealt":5783,"minecraft:swim_one_cm":57160,"minecraft:fly_one_cm":149430,"minecraft:player_kills":1,"minecraft:open_chest":30,"minecraft:crouch_one_cm":12651,"minecraft:fall_one_cm":49856},"minecraft:crafted":{"minecraft:cooked_chicken":3,"minecraft:cooked_mutton":9,"minecraft:spruce_wood":3,"minecraft:cooked_beef":2,"minecraft:wooden_shovel":1,"minecraft:cooked_porkchop":1,"minecraft:crafting_table":3,"minecraft:spruce_planks":64,"minecraft:wooden_pickaxe":3,"minecraft:birch_planks":84,"minecraft:stick":12,"minecraft:wooden_axe":2,"minecraft:white_bed":1},"minecraft:dropped":{"minecraft:cooked_beef":2,"minecraft:crafting_table":1,"minecraft:dirt":4,"minecraft:sugar_cane":5,"minecraft:filled_map":1,"minecraft:shield":1},"minecraft:picked_up":{"minecraft:wooden_axe":4,"minecraft:seagrass":1,"minecraft:iron_chestplate":3,"minecraft:crafting_table":3,"minecraft:allium":2,"minecraft:chicken":12,"minecraft:clay_ball":32,"minecraft:brown_mushroom":5,"minecraft:wooden_pickaxe":4,"minecraft:potion":5,"minecraft:shield":7,"minecraft:string":4,"minecraft:raw_copper":187,"minecraft:iron_leggings":3,"minecraft:cobbled_deepslate":16,"minecraft:bucket":4,"minecraft:spruce_planks":34,"minecraft:beef":1,"minecraft:oak_boat":5,"minecraft:azalea":2,"minecraft:wooden_shovel":1,"minecraft:iron_pickaxe":7,"minecraft:sugar_cane":17,"minecraft:birch_sapling":3,"minecraft:iron_boots":3,"minecraft:egg":2,"minecraft:stick":39,"minecraft:raw_iron":10,"minecraft:sandstone":81,"minecraft:big_dripleaf":1,"minecraft:torch":1,"minecraft:porkchop":3,"minecraft:pointed_dripstone":6,"minecraft:diorite":489,"minecraft:redstone":254,"minecraft:prismarine_crystals":2,"minecraft:stone_sword":3,"minecraft:arrow":27,"minecraft:rotten_flesh":12,"minecraft:peony":20,"minecraft:mutton":4,"minecraft:white_wool":4,"minecraft:cobblestone":136,"minecraft:birch_log":62,"minecraft:magma_block":8,"minecraft:feather":5,"minecraft:glow_ink_sac":4,"minecraft:andesite":8,"minecraft:leather":1,"minecraft:red_mushroom":1,"minecraft:birch_planks":80,"minecraft:oak_log":4,"minecraft:gunpowder":4,"minecraft:lapis_lazuli":219,"minecraft:dirt":94,"minecraft:cooked_mutton":7,"minecraft:bone":42,"minecraft:apple":4,"minecraft:kelp":64,"minecraft:bow":13,"minecraft:wheat_seeds":4,"minecraft:raw_gold":2,"minecraft:spruce_wood":3,"minecraft:cooked_chicken":3,"minecraft:moss_block":1,"minecraft:iron_sword":7,"minecraft:cooked_porkchop":5,"minecraft:pumpkin":5,"minecraft:sweet_berries":3,"minecraft:dripstone_block":5,"minecraft:sand":57,"minecraft:spruce_sapling":6,"minecraft:ink_sac":3,"minecraft:spruce_log":33,"minecraft:lily_of_the_valley":5,"minecraft:dark_oak_log":1,"minecraft:spider_eye":2,"minecraft:pumpkin_seeds":1,"minecraft:diamond":2,"minecraft:stone_axe":10,"minecraft:iron_helmet":4,"minecraft:granite":5,"minecraft:oak_sapling":33,"minecraft:netherrack":15,"minecraft:coal":20,"minecraft:diamond_pickaxe":4},"minecraft:killed":{"minecraft:spider":1,"minecraft:skeleton":7,"minecraft:chicken":5,"minecraft:turtle":2,"minecraft:pig":1,"minecraft:zombie_villager":1,"minecraft:bat":1,"minecraft:creeper":1,"minecraft:squid":1,"minecraft:sheep":4,"minecraft:zombie":6,"minecraft:glow_squid":1,"minecraft:cow":1}},"DataVersion":3953}