{"stats":{"minecraft:broken":{"minecraft:stone_pickaxe":2,"minecraft:shield":1,"minecraft:iron_sword":1,"minecraft:iron_pickaxe":2},"minecraft:mined":{"minecraft:diamond_ore":1,"minecraft:tuff":1,"minecraft:deepslate_diamond_ore":73,"minecraft:glow_lichen":1,"minecraft:granite":1,"minecraft:grass_block":9,"minecraft:spruce_leaves":26,"minecraft:large_fern":2,"minecraft:tall_seagrass":1,"minecraft:furnace":6,"minecraft:iron_ore":75,"minecraft:deepslate_lapis_ore":7,"minecraft:deepslate_iron_ore":154,"minecraft:stone":214,"minecraft:podzol":1,"minecraft:deepslate_redstone_ore":13,"minecraft:brown_mushroom":4,"minecraft:smoker":5,"minecraft:crafting_table":5,"minecraft:torch":2,"minecraft:short_grass":18,"minecraft:blast_furnace":2,"minecraft:calcite":25,"minecraft:cobblestone":5,"minecraft:deepslate_gold_ore":56,"minecraft:sugar_cane":23,"minecraft:diorite":4,"minecraft:wall_torch":1,"minecraft:seagrass":1,"minecraft:birch_log":10,"minecraft:sweet_berry_bush":36,"minecraft:lilac":1,"minecraft:spruce_log":26,"minecraft:birch_leaves":4,"minecraft:oak_log":119,"minecraft:coal_ore":257,"minecraft:gravel":4,"minecraft:dirt":16,"minecraft:oak_leaves":48,"minecraft:deepslate":130,"minecraft:fern":4},"minecraft:killed_by":{"minecraft:creeper":1,"minecraft:skeleton":2,"minecraft:zombie":1},"minecraft:custom":{"minecraft:mob_kills":150,"minecraft:interact_with_crafting_table":43,"minecraft:leave_game":5,"minecraft:time_since_death":14712,"minecraft:sprint_one_cm":931452,"minecraft:walk_one_cm":561226,"minecraft:damage_blocked_by_shield":5336,"minecraft:drop":45,"minecraft:play_time":236240,"minecraft:deaths":5,"minecraft:sneak_time":3852,"minecraft:walk_under_water_one_cm":23627,"minecraft:jump":6017,"minecraft:interact_with_blast_furnace":28,"minecraft:walk_on_water_one_cm":57734,"minecraft:total_world_time":236240,"minecraft:interact_with_furnace":60,"minecraft:sleep_in_bed":3,"minecraft:time_since_rest":14833,"minecraft:damage_taken":6399,"minecraft:damage_dealt":22010,"minecraft:swim_one_cm":107026,"minecraft:fly_one_cm":1089815,"minecraft:open_chest":21,"minecraft:crouch_one_cm":8924,"minecraft:interact_with_smoker":45,"minecraft:fall_one_cm":160811},"minecraft:used":{"minecraft:stone_sword":203,"minecraft:chest":3,"minecraft:shield":82,"minecraft:iron_sword":283,"minecraft:iron_chestplate":2,"minecraft:torch":418,"minecraft:dirt":38,"minecraft:carrot":1,"minecraft:tuff":1,"minecraft:iron_axe":76,"minecraft:bow":1,"minecraft:sweet_berries":33,"minecraft:furnace":8,"minecraft:egg":1,"minecraft:cooked_beef":28,"minecraft:cobbled_deepslate":130,"minecraft:cooked_mutton":11,"minecraft:water_bucket":23,"minecraft:oak_planks":3,"minecraft:stone_pickaxe":389,"minecraft:wooden_pickaxe":10,"minecraft:white_wool":2,"minecraft:salmon":1,"minecraft:crafting_table":13,"minecraft:blast_furnace":4,"minecraft:white_bed":2,"minecraft:smoker":6,"minecraft:apple":2,"minecraft:chicken":1,"minecraft:bread":1,"minecraft:iron_pickaxe":633,"minecraft:spruce_sapling":1,"minecraft:stone_axe":67,"minecraft:cobblestone":68,"minecraft:porkchop":1,"minecraft:cooked_porkchop":25,"minecraft:bucket":25},"minecraft:crafted":{"minecraft:smooth_stone":9,"minecraft:oak_planks":160,"minecraft:furnace":7,"minecraft:blast_furnace":2,"minecraft:stone":9,"minecraft:cooked_mutton":16,"minecraft:iron_boots":1,"minecraft:iron_axe":1,"minecraft:stone_pickaxe":3,"minecraft:chest":2,"minecraft:smoker":1,"minecraft:cooked_beef":35,"minecraft:cooked_porkchop":45,"minecraft:crafting_table":8,"minecraft:spruce_planks":8,"minecraft:wooden_pickaxe":2,"minecraft:iron_helmet":1,"minecraft:iron_sword":2,"minecraft:bucket":1,"minecraft:stone_axe":2,"minecraft:air":0,"minecraft:iron_chestplate":1,"minecraft:charcoal":8,"minecraft:shield":2,"minecraft:stick":120,"minecraft:iron_ingot":209,"minecraft:iron_pickaxe":3,"minecraft:stone_sword":2,"minecraft:gold_ingot":53,"minecraft:iron_leggings":1,"minecraft:white_bed":2,"minecraft:torch":432},"minecraft:dropped":{"minecraft:iron_sword":1,"minecraft:brown_mushroom":4,"minecraft:wheat_seeds":1,"minecraft:diamond":1,"minecraft:cobblestone":14,"minecraft:granite":1,"minecraft:smooth_stone":3,"minecraft:spruce_sapling":6,"minecraft:bone":5,"minecraft:furnace":1,"minecraft:stone_axe":1,"minecraft:stone_sword":1,"minecraft:cobbled_deepslate":9,"minecraft:birch_sapling":1,"minecraft:raw_iron":14,"minecraft:rotten_flesh":7,"minecraft:oak_planks":2,"minecraft:oak_sapling":6,"minecraft:spider_eye":1,"minecraft:bow":1,"minecraft:wooden_pickaxe":2},"minecraft:picked_up":{"minecraft:crafting_table":5,"minecraft:iron_chestplate":3,"minecraft:chicken":2,"minecraft:brown_mushroom":4,"minecraft:wooden_pickaxe":1,"minecraft:shield":1,"minecraft:string":10,"minecraft:iron_axe":1,"minecraft:iron_leggings":1,"minecraft:cobbled_deepslate":139,"minecraft:beef":55,"minecraft:calcite":50,"minecraft:iron_pickaxe":3,"minecraft:sugar_cane":98,"minecraft:chest":1,"minecraft:birch_sapling":8,"minecraft:iron_boots":1,"minecraft:egg":1,"minecraft:furnace":9,"minecraft:stick":18,"minecraft:raw_iron":251,"minecraft:torch":66,"minecraft:porkchop":74,"minecraft:carrot":1,"minecraft:redstone":118,"minecraft:stone_sword":3,"minecraft:arrow":36,"minecraft:rotten_flesh":63,"minecraft:saddle":1,"minecraft:mutton":16,"minecraft:cobblestone":279,"minecraft:white_wool":21,"minecraft:birch_log":15,"minecraft:feather":2,"minecraft:cooked_beef":52,"minecraft:water_bucket":1,"minecraft:salmon":5,"minecraft:leather":86,"minecraft:smoker":5,"minecraft:tuff":1,"minecraft:oak_log":207,"minecraft:gunpowder":4,"minecraft:lapis_lazuli":88,"minecraft:dirt":40,"minecraft:cooked_mutton":7,"minecraft:bone":41,"minecraft:apple":6,"minecraft:bow":3,"minecraft:wheat_seeds":3,"minecraft:raw_gold":53,"minecraft:iron_ingot":8,"minecraft:stone_pickaxe":1,"minecraft:iron_sword":2,"minecraft:oak_planks":28,"minecraft:cooked_porkchop":81,"minecraft:sweet_berries":63,"minecraft:dandelion":1,"minecraft:lava_bucket":1,"minecraft:spruce_sapling":7,"minecraft:blast_furnace":2,"minecraft:spruce_log":26,"minecraft:spider_eye":2,"minecraft:diamond":74,"minecraft:stone_axe":1,"minecraft:iron_helmet":1,"minecraft:granite":1,"minecraft:oak_sapling":19,"minecraft:coal":553},"minecraft:killed":{"minecraft:spider":10,"minecraft:skeleton":22,"minecraft:chicken":2,"minecraft:pig":29,"minecraft:salmon":4,"minecraft:sheep":12,"minecraft:zombie":40,"minecraft:cow":26}},"DataVersion":3953}