{"stats":{"minecraft:broken":{"minecraft:stone_pickaxe":3,"minecraft:stone_axe":1},"minecraft:mined":{"minecraft:large_amethyst_bud":1,"minecraft:white_bed":1,"minecraft:farmland":22,"minecraft:deepslate_diamond_ore":13,"minecraft:budding_amethyst":10,"minecraft:granite":19,"minecraft:allium":6,"minecraft:grass_block":459,"minecraft:brown_mushroom_block":45,"minecraft:kelp":2,"minecraft:sandstone":89,"minecraft:tall_seagrass":3,"minecraft:furnace":5,"minecraft:iron_ore":19,"minecraft:andesite":5,"minecraft:pumpkin":62,"minecraft:potatoes":3,"minecraft:flowering_azalea_leaves":23,"minecraft:dirt_path":3,"minecraft:deepslate_iron_ore":41,"minecraft:azalea_leaves":17,"minecraft:stone":271,"minecraft:kelp_plant":34,"minecraft:dandelion":2,"minecraft:crafting_table":3,"minecraft:short_grass":338,"minecraft:calcite":6,"minecraft:wall_torch":1,"minecraft:mushroom_stem":6,"minecraft:copper_ore":14,"minecraft:tall_grass":63,"minecraft:deepslate_coal_ore":2,"minecraft:deepslate_gold_ore":4,"minecraft:oak_planks":8,"minecraft:sugar_cane":4,"minecraft:diorite":136,"minecraft:amethyst_block":15,"minecraft:seagrass":6,"minecraft:birch_log":4,"minecraft:wheat":32,"minecraft:birch_leaves":4,"minecraft:bee_nest":1,"minecraft:coal_ore":64,"minecraft:oak_log":156,"minecraft:sand":69,"minecraft:dirt":148,"minecraft:smooth_basalt":4,"minecraft:red_mushroom_block":11,"minecraft:gold_ore":10,"minecraft:oak_leaves":53,"minecraft:deepslate":24},"minecraft:killed_by":{"minecraft:creeper":2,"minecraft:spider":1,"minecraft:skeleton":6,"minecraft:zombie":7},"minecraft:custom":{"minecraft:animals_bred":3,"minecraft:mob_kills":126,"minecraft:interact_with_crafting_table":87,"minecraft:leave_game":5,"minecraft:time_since_death":0,"minecraft:climb_one_cm":372,"minecraft:sprint_one_cm":993409,"minecraft:walk_one_cm":726289,"minecraft:damage_blocked_by_shield":1928,"minecraft:drop":100,"minecraft:play_time":286854,"minecraft:sneak_time":2870,"minecraft:deaths":17,"minecraft:walk_under_water_one_cm":35975,"minecraft:boat_one_cm":357583,"minecraft:jump":8076,"minecraft:interact_with_blast_furnace":24,"minecraft:walk_on_water_one_cm":103981,"minecraft:total_world_time":286854,"minecraft:interact_with_furnace":50,"minecraft:sleep_in_bed":3,"minecraft:time_since_rest":264,"minecraft:damage_taken":8816,"minecraft:damage_dealt":19397,"minecraft:player_kills":1,"minecraft:swim_one_cm":114733,"minecraft:fly_one_cm":1395548,"minecraft:open_chest":175,"minecraft:crouch_one_cm":8948,"minecraft:interact_with_smoker":29,"minecraft:fall_one_cm":242753},"minecraft:used":{"minecraft:azalea":1,"minecraft:oak_fence":30,"minecraft:stone_sword":88,"minecraft:stone_shovel":63,"minecraft:chest":4,"minecraft:shield":36,"minecraft:iron_sword":276,"minecraft:cooked_salmon":3,"minecraft:cooked_chicken":3,"minecraft:rotten_flesh":48,"minecraft:stone_hoe":138,"minecraft:torch":236,"minecraft:dirt":88,"minecraft:allium":33,"minecraft:beehive":1,"minecraft:granite":6,"minecraft:oak_fence_gate":3,"minecraft:iron_axe":219,"minecraft:sweet_berries":2,"minecraft:oak_sapling":4,"minecraft:furnace":7,"minecraft:cooked_cod":6,"minecraft:egg":1,"minecraft:potato":7,"minecraft:cooked_beef":5,"minecraft:cobbled_deepslate":22,"minecraft:wheat_seeds":144,"minecraft:cooked_mutton":3,"minecraft:water_bucket":17,"minecraft:leather_leggings":1,"minecraft:baked_potato":8,"minecraft:stone_pickaxe":423,"minecraft:wooden_pickaxe":17,"minecraft:sandstone":43,"minecraft:salmon":2,"minecraft:shears":2,"minecraft:crafting_table":7,"minecraft:blast_furnace":1,"minecraft:campfire":1,"minecraft:white_bed":2,"minecraft:pumpkin_seeds":36,"minecraft:smoker":1,"minecraft:oak_log":25,"minecraft:diamond_pickaxe":128,"minecraft:apple":3,"minecraft:diamond_shovel":613,"minecraft:chicken":1,"minecraft:iron_pickaxe":207,"minecraft:suspicious_stew":2,"minecraft:bread":6,"minecraft:stone_axe":105,"minecraft:cobblestone":24,"minecraft:porkchop":5,"minecraft:cooked_porkchop":16,"minecraft:cooked_rabbit":2,"minecraft:bucket":17,"minecraft:oak_boat":1,"minecraft:experience_bottle":1},"minecraft:crafted":{"minecraft:smooth_stone":6,"minecraft:oak_planks":328,"minecraft:raw_iron":18,"minecraft:stone_shovel":1,"minecraft:smooth_stone_slab":6,"minecraft:beehive":1,"minecraft:birch_boat":1,"minecraft:cooked_chicken":3,"minecraft:furnace":5,"minecraft:blast_furnace":1,"minecraft:stone":6,"minecraft:diamond_shovel":1,"minecraft:cooked_mutton":1,"minecraft:iron_boots":3,"minecraft:iron_axe":1,"minecraft:stone_pickaxe":4,"minecraft:chest":4,"minecraft:stone_hoe":2,"minecraft:oak_fence":42,"minecraft:cooked_rabbit":2,"minecraft:smoker":1,"minecraft:raw_iron_block":2,"minecraft:cooked_beef":4,"minecraft:coal_block":2,"minecraft:cooked_porkchop":16,"minecraft:crafting_table":4,"minecraft:iron_helmet":2,"minecraft:wooden_pickaxe":1,"minecraft:baked_potato":8,"minecraft:iron_sword":3,"minecraft:cooked_salmon":5,"minecraft:bucket":2,"minecraft:pumpkin_seeds":20,"minecraft:birch_planks":92,"minecraft:campfire":1,"minecraft:stone_axe":2,"minecraft:bread":6,"minecraft:air":0,"minecraft:oak_fence_gate":6,"minecraft:oak_boat":9,"minecraft:iron_chestplate":2,"minecraft:diamond_pickaxe":3,"minecraft:charcoal":6,"minecraft:shield":3,"minecraft:stick":176,"minecraft:iron_ingot":72,"minecraft:iron_pickaxe":2,"minecraft:stone_sword":1,"minecraft:iron_leggings":2,"minecraft:white_bed":2,"minecraft:torch":226,"minecraft:shears":1},"minecraft:dropped":{"minecraft:iron_sword":1,"minecraft:moss_block":3,"minecraft:wheat_seeds":1,"minecraft:lapis_lazuli":51,"minecraft:golden_helmet":1,"minecraft:cooked_beef":1,"minecraft:diamond":1,"minecraft:dripstone_block":5,"minecraft:cooked_porkchop":2,"minecraft:poisonous_potato":5,"minecraft:iron_helmet":1,"minecraft:cobblestone":3,"minecraft:dirt":35,"minecraft:diorite":128,"minecraft:wooden_axe":1,"minecraft:cooked_salmon":2,"minecraft:potion":1,"minecraft:iron_leggings":1,"minecraft:sand":17,"minecraft:iron_pickaxe":2,"minecraft:string":2,"minecraft:bucket":1,"minecraft:spruce_sapling":2,"minecraft:redstone":82,"minecraft:bone":1,"minecraft:stone_axe":2,"minecraft:kelp":67,"minecraft:stone_sword":3,"minecraft:cobbled_deepslate":1,"minecraft:bowl":1,"minecraft:stone_shovel":2,"minecraft:pointed_dripstone":12,"minecraft:rotten_flesh":8,"minecraft:iron_boots":1,"minecraft:glass_pane":13,"minecraft:white_bed":1,"minecraft:salmon":1,"minecraft:filled_map":1,"minecraft:big_dripleaf":2,"minecraft:shield":3,"minecraft:diamond_pickaxe":1,"minecraft:iron_chestplate":1,"minecraft:oak_boat":2,"minecraft:oak_sapling":2,"minecraft:wooden_shovel":1,"minecraft:leather_leggings":1,"minecraft:sandstone":66,"minecraft:bow":3,"minecraft:arrow":8,"minecraft:stone_pickaxe":1,"minecraft:wooden_pickaxe":4,"minecraft:netherrack":10},"minecraft:picked_up":{"minecraft:wooden_axe":1,"minecraft:charcoal":29,"minecraft:crafting_table":4,"minecraft:wheat":46,"minecraft:allium":50,"minecraft:chicken":14,"minecraft:clay_ball":188,"minecraft:leather_leggings":3,"minecraft:brown_mushroom":30,"minecraft:wooden_pickaxe":3,"minecraft:potion":1,"minecraft:shield":9,"minecraft:amethyst_block":14,"minecraft:string":20,"minecraft:raw_copper":160,"minecraft:iron_axe":9,"minecraft:glass_pane":13,"minecraft:cobbled_deepslate":48,"minecraft:bucket":9,"minecraft:spruce_planks":31,"minecraft:beef":5,"minecraft:oak_boat":1,"minecraft:calcite":6,"minecraft:azalea":9,"minecraft:wooden_shovel":1,"minecraft:spruce_slab":4,"minecraft:iron_pickaxe":2,"minecraft:sugar_cane":28,"minecraft:furnace":5,"minecraft:iron_boots":13,"minecraft:egg":7,"minecraft:golden_helmet":6,"minecraft:raw_iron":151,"minecraft:stick":285,"minecraft:sandstone":109,"minecraft:stone":1,"minecraft:big_dripleaf":13,"minecraft:oak_fence":36,"minecraft:torch":237,"minecraft:bowl":2,"minecraft:porkchop":33,"minecraft:pointed_dripstone":18,"minecraft:diorite":110,"minecraft:redstone":142,"minecraft:stone_sword":4,"minecraft:arrow":42,"minecraft:stone_shovel":3,"minecraft:rotten_flesh":109,"minecraft:shears":2,"minecraft:mutton":7,"minecraft:white_wool":9,"minecraft:cobblestone":693,"minecraft:birch_log":12,"minecraft:feather":14,"minecraft:cooked_beef":4,"minecraft:glow_ink_sac":5,"minecraft:andesite":19,"minecraft:salmon":8,"minecraft:leather":2,"minecraft:red_mushroom":2,"minecraft:potato":12,"minecraft:birch_planks":144,"minecraft:filled_map":1,"minecraft:oak_log":618,"minecraft:gunpowder":24,"minecraft:lapis_lazuli":51,"minecraft:dirt":1264,"minecraft:rabbit":2,"minecraft:cooked_mutton":2,"minecraft:rabbit_hide":1,"minecraft:honeycomb":3,"minecraft:bone":31,"minecraft:stone_pickaxe":1,"minecraft:apple":3,"minecraft:iron_ingot":4,"minecraft:kelp":131,"minecraft:bow":3,"minecraft:wheat_seeds":172,"minecraft:raw_gold":85,"minecraft:oak_fence_gate":9,"minecraft:moss_block":6,"minecraft:oak_planks":429,"minecraft:iron_sword":11,"minecraft:stone_hoe":6,"minecraft:flowering_azalea":3,"minecraft:smooth_basalt":4,"minecraft:cooked_porkchop":5,"minecraft:pumpkin":68,"minecraft:sweet_berries":4,"minecraft:dandelion":61,"minecraft:dripstone_block":10,"minecraft:gravel":3,"minecraft:sand":123,"minecraft:amethyst_shard":12,"minecraft:spruce_sapling":2,"minecraft:white_bed":2,"minecraft:spider_eye":4,"minecraft:diamond_shovel":7,"minecraft:pumpkin_seeds":17,"minecraft:stone_axe":4,"minecraft:diamond":18,"minecraft:campfire":4,"minecraft:iron_helmet":11,"minecraft:granite":19,"minecraft:oak_sapling":95,"minecraft:netherrack":10,"minecraft:coal":164,"minecraft:diamond_pickaxe":11},"minecraft:killed":{"minecraft:witch":1,"minecraft:spider":7,"minecraft:skeleton":16,"minecraft:chicken":5,"minecraft:drowned":3,"minecraft:pig":12,"minecraft:zombie_villager":3,"minecraft:salmon":9,"minecraft:rabbit":2,"minecraft:creeper":6,"minecraft:sheep":6,"minecraft:zombie":48,"minecraft:enderman":1,"minecraft:cow":3}},"DataVersion":3953}